"locator_domain","location_name","street_address","city","state","zip","country_code","store_number","phone","location_type","latitude","longitude","hours_of_operation"
"https://yourpie.com","Salisbury","2328 N Salisbury Blvd Suite #1","Salisbury","Maryland","21801","US","810","410-572-2709","Your Pie","38.396753","-75.565857","Monday 11:00 AM - 9:00 PM Tuesday 11:00 AM - 9:00 PM Wednesday 11:00 AM - 9:00 PM Thursday 11:00 AM - 9:00 PM Friday 11:00 AM - 10:00 PM Saturday 11:00 AM - 10:00 PM Sunday 11:00 AM - 9:00 PM"
"https://yourpie.com","Virginia Beach | Hilltop","754 N Hilltop Shopping Center","Virginia Beach","VA","23451","US","392","757-222-7616","Your Pie","36.853451","-76.018056","Monday 11:00 AM - 9:00 PM Tuesday 11:00 AM - 9:00 PM Wednesday 11:00 AM - 9:00 PM Thursday 11:00 AM - 9:00 PM Friday 11:00 AM - 9:00 PM Saturday 11:00 AM - 9:00 PM Sunday 11:00 AM - 9:00 PM"
"https://yourpie.com","Chesapeake | Greenbrier","733 Eden Way North #400","Chesapeake","Virginia","23320","US","5292","757-410-0061","Your Pie","36.772241","-76.23551","Monday 11:00 AM - 9:00 PM Tuesday 11:00 AM - 9:00 PM Wednesday 11:00 AM - 9:00 PM Thursday 11:00 AM - 9:00 PM Friday 11:00 AM - 9:00 PM Saturday 11:00 AM - 9:00 PM Sunday 11:00 AM - 9:00 PM"
"https://yourpie.com","Norfolk | Wards Corner","7550 Granby St.","Norfolk","VA","23505","US","390","757-502-7679","Your Pie","36.914090","-76.270918","Monday 11:00 AM - 9:00 PM Tuesday 11:00 AM - 9:00 PM Wednesday 11:00 AM - 9:00 PM Thursday 11:00 AM - 9:00 PM Friday 11:00 AM - 9:00 PM Saturday 11:00 AM - 9:00 PM Sunday 11:00 AM - 9:00 PM"
"https://yourpie.com","Gloucester","6748 Fox Centre Parkway","Gloucester","Virginia","23061","US","3239","804-824-9041","Your Pie","37.398216","-76.526747","Monday 11:00 AM - 9:00 PM Tuesday 11:00 AM - 9:00 PM Wednesday 11:00 AM - 9:00 PM Thursday 11:00 AM - 9:00 PM Friday 11:00 AM - 10:00 PM Saturday 11:00 AM - 10:00 PM Sunday 11:00 AM - 9:00 PM"
"https://yourpie.com","Wilmington","4403 Oleander Drive, Suite H","Wilmington","North Carolina","28403","US","2395","(910) 769-5767","Your Pie","34.210649","-77.88852","Monday 11:00 AM - 9:00 PM Tuesday 11:00 AM - 9:00 PM Wednesday 11:00 AM - 9:00 PM Thursday 11:00 AM - 9:00 PM Friday 11:00 AM - 9:00 PM Saturday 11:00 AM - 9:00 PM Sunday 11:00 AM - 9:00 PM"
"https://yourpie.com","Midlothian | Westchester Commons","15720 WC Main St","Midlothian","Virginia","23113","US","3237","804-464-2382","Your Pie","37.515147","-77.691297","Monday 11:00 AM - 9:00 PM Tuesday 11:00 AM - 9:00 PM Wednesday 11:00 AM - 9:00 PM Thursday 11:00 AM - 9:00 PM Friday 11:00 AM - 10:00 PM Saturday 11:00 AM - 10:00 PM Sunday 11:00 AM - 8:00 PM"
"https://yourpie.com","Cary","685 Cary Towne Blvd","Cary","North Carolina","27511","US","1215","9193789578","Your Pie","35.776116","-78.766546","Monday 11:00 AM - 9:00 PM Tuesday 11:00 AM - 9:00 PM Wednesday 11:00 AM - 9:00 PM Thursday 11:00 AM - 9:00 PM Friday 11:00 AM - 9:00 PM Saturday 11:00 AM - 9:00 PM Sunday 11:00 AM - 9:00 PM"
"https://yourpie.com","Raleigh | Brier Creek","4233 Corners Pkwy Suite 250","Raleigh","North Carolina","27617","US","3322","919-957-0077","Your Pie","35.918204","-78.785838","Monday 11:00 AM - 9:00 PM Tuesday 11:00 AM - 9:00 PM Wednesday 11:00 AM - 9:00 PM Thursday 11:00 AM - 9:00 PM Friday 11:00 AM - 9:00 PM Saturday 11:00 AM - 9:00 PM Sunday 11:00 AM - 9:00 PM"
"https://yourpie.com","Stuart","2644 SE Federal Highway","Stuart","Florida","34994","US","4670","772-266-9505","Your Pie","27.172420"," -80.232223","Monday 11:00 AM - 9:00 PM Tuesday 11:00 AM - 9:00 PM Wednesday 11:00 AM - 9:00 PM Thursday 11:00 AM - 9:00 PM Friday 11:00 AM - 10:00 PM Saturday 11:00 AM - 10:00 PM Sunday 11:00 AM - 9:00 PM"
"https://yourpie.com","Melbourne &#8211; Now Open!","225 Palm Bay Road NE Unit 193","Melbourne","Florida","32904","US","5683","321-372-1270","Your Pie","28.037369","-80.663514","Monday 11:00 AM - 9:00 PM Tuesday 11:00 AM - 9:00 PM Wednesday 11:00 AM - 9:00 PM Thursday 11:00 AM - 9:00 PM Friday 11:00 AM - 10:00 PM Saturday 11:00 AM - 10:00 PM Sunday 11:00 AM - 9:00 PM"
"https://yourpie.com","Savannah | Sandfly","7360 Skidaway Road","Savannah","GA","31406","US","418","912-692-1123","Your Pie","31.988023","-81.074498","Monday 11:00 AM - 9:00 PM Tuesday 11:00 AM - 9:00 PM Wednesday 11:00 AM - 9:00 PM Thursday 11:00 AM - 9:00 PM Friday 11:00 AM - 10:00 PM Saturday 10:45 AM - 10:00 PM Sunday 11:00 AM - 9:00 PM"
"https://yourpie.com","Savannah | Downtown","110 W Bryan Street","Savannah","GA","31401","US","420","912-234-2433","Your Pie","32.080649","-81.092676","Monday 11:00 AM - 9:00 PM Tuesday 11:00 AM - 9:00 PM Wednesday 11:00 AM - 9:00 PM Thursday 11:00 AM - 9:00 PM Friday 11:00 AM - 10:00 PM Saturday 11:00 AM - 10:00 PM Sunday 11:00 AM - 9:00 PM"
"https://yourpie.com","St. Augustine | Palencia","389 Paseo Reyes Dr. #205","Saint Augustine","Florida","32095","US","3280","904-547-2437","Your Pie","30.015861","-81.393355","Monday 11:00 AM - 9:00 PM Tuesday 11:00 AM - 9:00 PM Wednesday 11:00 AM - 9:00 PM Thursday 11:00 AM - 9:00 PM Friday 11:00 AM - 10:00 PM Saturday 11:00 AM - 10:00 PM Sunday 11:00 AM - 9:00 PM"
"https://yourpie.com","Pooler","960 A Morgan's Corner Road","Pooler","Georgia","31322","US","2379","912-988-3485","Your Pie","32.099187","-81.269762","Monday 11:00 AM - 9:00 PM Tuesday 11:00 AM - 9:00 PM Wednesday 11:00 AM - 9:00 PM Thursday 11:00 AM - 9:00 PM Friday 11:00 AM - 10:00 PM Saturday 11:00 AM - 10:00 PM Sunday 11:00 AM - 9:00 PM"
"https://yourpie.com","Jacksonville | Beach &#038; Hodges &#8211; Now Open!","13423 Beach Blvd","Jacksonville","Florida","32246","US","1174","904-240-1880","Your Pie","30.288006","-81.462604","Monday 11:00 AM - 9:00 PM Tuesday 11:00 AM - 9:00 PM Wednesday 11:00 AM - 9:00 PM Thursday 11:00 AM - 9:00 PM Friday 11:00 AM - 9:00 PM Saturday 11:00 AM - 9:00 PM Sunday 11:00 AM - 9:00 PM"
"https://yourpie.com","Jacksonville | St. John&#8217;s &#8211; Now Open!","90 Durbin Pavilion Drive, Suite 101","St. Johns","FL","32259","US","5789","904-295-3749","Your Pie","30.102041","-81.518623","Monday 11:00 AM - 9:00 PM Tuesday 11:00 AM - 9:00 PM Wednesday 11:00 AM - 9:00 PM Thursday 11:00 AM - 9:00 PM Friday 11:00 AM - 10:00 PM Saturday 11:00 AM - 10:00 PM Sunday 11:00 AM - 9:00 PM"
"https://yourpie.com","Jacksonville | Southside","4828 Deer Lake Dr W","Jacksonville","FL","32246","US","354","904-337-0155","Your Pie","30.259404","-81.554287","Monday 11:00 AM - 9:00 PM Tuesday 11:00 AM - 9:00 PM Wednesday 11:00 AM - 9:00 PM Thursday 11:00 AM - 9:00 PM Friday 11:00 AM - 10:00 PM Saturday 11:00 AM - 10:00 PM Sunday 11:00 AM - 9:00 PM"
"https://yourpie.com","Fleming Island","1545 County Road 220, #125","Fleming Island","FL","32003","US","352","904-375-9771","Your Pie","30.102913","-81.713985","Monday 11:00 AM - 9:00 PM Tuesday 11:00 AM - 9:00 PM Wednesday 11:00 AM - 9:00 PM Thursday 11:00 AM - 9:00 PM Friday 11:00 AM - 9:00 PM Saturday 11:00 AM - 9:00 PM Sunday 11:00 AM - 9:00 PM"
"https://yourpie.com","Statesboro","701 Piedmont Loop","Statesboro","GA","30458","US","414","912-243-9330","Your Pie","32.432206","-81.759655","Monday 11:00 AM - 9:00 PM Tuesday 11:00 AM - 9:00 PM Wednesday 11:00 AM - 9:00 PM Thursday 11:00 AM - 10:00 PM Friday 11:00 AM - 10:00 PM Saturday 11:00 AM - 10:00 PM Sunday 11:00 AM - 9:00 PM"
"https://yourpie.com","North Augusta","434 Georgia Avenue","North Augusta","South Carolina","29841","US","1182","(803) 373-2995","Your Pie","33.493919"," -81.971535","Monday 11:00 AM - 10:00 PM Tuesday 11:00 AM - 10:00 PM Wednesday 11:00 AM - 10:00 PM Thursday 11:00 AM - 10:00 PM Friday 11:00 AM - 10:00 PM Saturday 11:00 AM - 10:00 PM Sunday 11:00 AM - 10:00 PM"
"https://yourpie.com","Augusta | Grovetown Gateway","9592 Bentley Drive","Grovetown","Georgia","30813","US","2814","706-426-0116","Your Pie","33.477264"," -82.198030","Monday 11:00 AM - 10:00 PM Tuesday 11:00 AM - 10:00 PM Wednesday 11:00 AM - 10:00 PM Thursday 11:00 AM - 10:00 PM Friday 11:00 AM - 10:00 PM Saturday 11:00 AM - 10:00 PM Sunday 11:00 AM - 10:00 PM"
"https://yourpie.com","Greenville","1461 Woodruff Rd","Greenville","SC","29607","US","398","864-288-8988","Your Pie","34.821521","-82.280357","Monday 11:00 AM - 9:00 PM Tuesday 11:00 AM - 9:00 PM Wednesday 11:00 AM - 9:00 PM Thursday 11:00 AM - 9:00 PM Friday 11:00 AM - 9:00 PM Saturday 11:00 AM - 9:00 PM Sunday 11:00 AM - 9:00 PM"
"https://yourpie.com","Clemson","111 Earle Street. Suite E","Clemson","South Carolina","29631","US","400","864-643-4180","Your Pie","34.683554","-82.836261","Monday 11:00 AM - 10:00 PM Tuesday 11:00 AM - 10:00 PM Wednesday 11:00 AM - 10:00 PM Thursday 11:00 AM - 10:00 PM Friday 11:00 AM - 12:00 AM Saturday 11:00 AM - 12:00 AM Sunday 11:00 AM - 10:00 PM"
"https://yourpie.com","Athens | Beechwood","196 Alps Road","Athens","GA","30606","US","441","706-549-3179","Your Pie","33.945236","-83.409772","Monday 11:00 AM - 9:00 PM Tuesday 11:00 AM - 9:00 PM Wednesday 11:00 AM - 9:00 PM Thursday 11:00 AM - 9:00 PM Friday 11:00 AM - 10:00 PM Saturday 11:00 AM - 10:00 PM Sunday 11:00 AM - 9:00 PM"
"https://yourpie.com","Watkinsville","1430 Capital Avenue","Watkinsville","GA","30677","US","410","706-705-1510","Your Pie","33.869683","-83.447021","Monday 11:00 AM - 9:00 PM Tuesday 11:00 AM - 9:00 PM Wednesday 11:00 AM - 9:00 PM Thursday 11:00 AM - 9:00 PM Friday 11:00 AM - 9:00 PM Saturday 11:00 AM - 9:00 PM Sunday 11:00 AM - 9:00 PM"
"https://yourpie.com","Macon","536 Poplar Street","Macon","GA","31201","US","4441","478-200-1179","Your Pie","32.834401","-83.629501","Monday 11:00 AM - 9:00 PM Tuesday 11:00 AM - 9:00 PM Wednesday 11:00 AM - 9:00 PM Thursday 11:00 AM - 9:00 PM Friday 11:00 AM - 10:00 PM Saturday 11:00 AM - 10:00 PM Sunday 11:00 AM - 9:00 PM"
"https://yourpie.com","Clarkesville","1406 Washington Street","Clarkesville","Georgia","30523","US","1441","706-754-5377","Your Pie","34.615569","-83.525968","Monday 11:00 AM - 9:00 PM Tuesday 11:00 AM - 9:00 PM Wednesday 11:00 AM - 9:00 PM Thursday 11:00 AM - 9:00 PM Friday 11:00 AM - 9:00 PM Saturday 11:00 AM - 9:00 PM Sunday 11:00 AM - 9:00 PM"
"https://yourpie.com","Warner Robins","2764 Watson Blvd.","Centerville","Georgia","31028","US","2032","478-333-8733","Your Pie","32.618798","-83.678047","Monday 11:00 AM - 9:00 PM Tuesday 11:00 AM - 9:00 PM Wednesday 11:00 AM - 9:00 PM Thursday 11:00 AM - 9:00 PM Friday 11:00 AM - 10:00 PM Saturday 11:00 AM - 10:00 PM Sunday 11:00 AM - 9:00 PM"
"https://yourpie.com","Monroe","110 S. Broad Street","Monroe","GA","30655","US","4445","678-635-8715","Your Pie","33.794372","-83.713458","Monday 11:00 AM - 9:00 PM Tuesday 11:00 AM - 9:00 PM Wednesday 11:00 AM - 9:00 PM Thursday 11:00 AM - 9:00 PM Friday 11:00 AM - 10:00 PM Saturday 11:00 AM - 10:00 PM Sunday 11:00 AM - 9:00 PM"
"https://yourpie.com","Covington","1115 Washington St SW","Covington","GA","30014","US","427","470-327-2799","Your Pie","33.596111","-83.859508","Monday 11:00 AM - 9:00 PM Tuesday 11:00 AM - 9:00 PM Wednesday 11:00 AM - 9:00 PM Thursday 11:00 AM - 9:00 PM Friday 11:00 AM - 10:00 PM Saturday 11:00 AM - 10:00 PM Sunday 11:00 AM - 9:00 PM"
"https://yourpie.com","Snellville","1250 Scenic Hwy S","Lawrenceville","GA","30045","US","416","470-395-9841","Your Pie","33.900597","-84.004134","Monday 11:00 AM - 9:00 PM Tuesday 11:00 AM - 9:00 PM Wednesday 11:00 AM - 9:00 PM Thursday 11:00 AM - 9:00 PM Friday 11:00 AM - 10:00 PM Saturday 11:00 AM - 10:00 PM Sunday 11:00 AM - 9:00 PM"
"https://yourpie.com","Dahlonega &#8211; Opening August 30th!","340 Walmart Way","Dahlonega","GA","30533","US","5882","706-867-0144","Your Pie","34.53979","-83.972878","Monday 11:00 AM - 9:00 PM Tuesday 11:00 AM - 9:00 PM Wednesday 11:00 AM - 9:00 PM Thursday 11:00 AM - 9:00 PM Friday 11:00 AM - 9:00 PM Saturday 11:00 AM - 9:00 PM Sunday 11:00 AM - 9:00 PM"
"https://yourpie.com","Suwanee","3370 Lawrenceville Suwanee Road","Suwanee","GA","30024","US","412","470-266-1112","Your Pie","34.039851","-84.054124","Monday 11:00 AM - 9:00 PM Tuesday 11:00 AM - 9:00 PM Wednesday 11:00 AM - 9:00 PM Thursday 11:00 AM - 9:00 PM Friday 11:00 AM - 10:00 PM Saturday 11:00 AM - 10:00 PM Sunday 11:00 AM - 9:00 PM"
"https://yourpie.com","Cumming &#8211; Now Open!","655 Atlanta Road #607","Cumming","Georgia","30040","US","5672","678-341-9023","Your Pie","34.188972","-84.144338","Monday 11:00 AM - 9:00 PM Tuesday 11:00 AM - 9:00 PM Wednesday 11:00 AM - 9:00 PM Thursday 11:00 AM - 9:00 PM Friday 11:00 AM - 10:00 PM Saturday 11:00 AM - 10:00 PM Sunday 11:00 AM - 9:00 PM"
"https://yourpie.com","Johns Creek","2609 Peachtree Parkway Suite B","Suwanee","Georgia","30024","US","4668","470-533-2121","Your Pie","34.095069","-84.174222","Monday 11:00 AM - 9:00 PM Tuesday 11:00 AM - 9:00 PM Wednesday 11:00 AM - 9:00 PM Thursday 10:00 AM - 9:00 PM Friday 11:00 AM - 10:00 PM Saturday 11:00 AM - 10:00 PM Sunday 11:00 AM - 9:00 PM"
"https://yourpie.com","Tucker | Embry Hills","3499 Chamblee Tucker Road","Atlanta","GA","30341","US","4449","470-273-5984","Your Pie","33.884514","-84.249813","Monday 11:00 AM - 9:00 PM Tuesday 11:00 AM - 9:00 PM Wednesday 11:00 AM - 9:00 PM Thursday 11:00 AM - 9:00 PM Friday 11:00 AM - 10:00 PM Saturday 11:00 AM - 10:00 PM Sunday 11:00 AM - 9:00 PM"
"https://yourpie.com","Milton","2955 Bethany Bend, #300","Milton","Georgia","30004","US","2037","470-210-5151","Your Pie","34.120064","-84.272391","Monday 11:00 AM - 9:00 PM Tuesday 11:00 AM - 9:00 PM Wednesday 11:00 AM - 9:00 PM Thursday 11:00 AM - 9:00 PM Friday 11:00 AM - 10:00 PM Saturday 11:00 AM - 10:00 PM Sunday 11:00 AM - 9:00 PM"
"https://yourpie.com","Atlanta | Perimeter","123 Perimeter Center West","Atlanta","GA","30346","US","433","470-336-7574","Your Pie","33.927853","-84.343963","Monday 11:00 AM - 9:00 PM Tuesday 11:00 AM - 9:00 PM Wednesday 11:00 AM - 10:00 PM Thursday 11:00 AM - 10:00 PM Friday 11:00 AM - 10:00 PM Saturday 11:00 AM - 10:00 PM Sunday 11:00 AM - 8:30 PM"
"https://yourpie.com","Atlanta I Grant Park","275 Memorial Drive SE, Suite B1","Atlanta","Georgia","30312","US","1415","678-399-3838","Your Pie","33.746853","-84.378268","Monday 11:00 AM - 9:00 PM Tuesday 11:00 AM - 9:00 PM Wednesday 11:00 AM - 10:00 PM Thursday 11:00 AM - 10:00 PM Friday 11:00 AM - 10:00 PM Saturday 11:00 AM - 10:00 PM Sunday 11:00 AM - 9:00 PM"
"https://yourpie.com","Atlanta | Buckhead","5 West Paces Ferry Road NW","Atlanta","GA","30305","US","435","404-855-5338","Your Pie","33.839775","-84.380362","Monday 11:00 AM - 10:00 PM Tuesday 11:00 AM - 10:00 PM Wednesday 11:00 AM - 10:00 PM Thursday 11:00 AM - 10:00 PM Friday 11:00 AM - 3:00 AM Saturday 11:00 AM - 3:00 AM Sunday 11:00 AM - 10:00 PM"
"https://yourpie.com","Roswell","625 W Crossville Rd.","Roswell","GA","30075","US","422","770-993-7944","Your Pie","34.059866","-84.380697","Monday 11:00 AM - 9:00 PM Tuesday 11:00 AM - 9:00 PM Wednesday 11:00 AM - 9:00 PM Thursday 11:00 AM - 9:00 PM Friday 11:00 AM - 10:00 PM Saturday 11:00 AM - 10:00 PM Sunday 11:00 AM - 9:00 PM"
"https://yourpie.com","Fayetteville","140 Pavilion Pkwy","Fayetteville","Georgia","30214","US","3241","770-719-0069","Your Pie","33.479813","-84.446124","Monday 11:00 AM - 9:00 PM Tuesday 11:00 AM - 9:00 PM Wednesday 11:00 AM - 9:00 PM Thursday 11:00 AM - 9:00 PM Friday 11:00 AM - 10:00 PM Saturday 11:00 AM - 10:00 PM Sunday 11:00 AM - 9:00 PM"
"https://yourpie.com","Canton","2247 Cumming Highway","Canton","Georgia","30115","US","3166","678-880-6650","Your Pie","34.236827","-84.453923","Monday 11:00 AM - 9:00 PM Tuesday 11:00 AM - 9:00 PM Wednesday 11:00 AM - 9:00 PM Thursday 11:00 AM - 10:00 PM Friday 11:00 AM - 10:00 PM Saturday 11:00 AM - 10:00 PM Sunday 11:00 AM - 9:00 PM"
"https://yourpie.com","Smyrna &#8211; Now Open!","2440 Atlanta Road #100","Smyrna","Georgia","30080","US","5534","(678) 384-2968","Your Pie","33.892895","-84.519518","Monday 11:00 AM - 9:00 PM Tuesday 11:00 AM - 9:00 PM Wednesday 11:00 AM - 9:00 PM Thursday 11:00 PM - 9:00 PM Friday 11:00 AM - 10:00 PM Saturday 11:00 AM - 10:00 PM Sunday 11:00 AM - 9:00 PM"
"https://yourpie.com","Peachtree City","2015 West HWY 54","Peachtree City","GA","30269","US","425","770-515-9900","Your Pie","33.418981","-84.560267","Monday 11:00 AM - 10:00 PM Tuesday 11:00 AM - 10:00 PM Wednesday 11:00 AM - 10:00 PM Thursday 11:00 AM - 10:00 PM Friday 11:00 AM - 11:00 PM Saturday 11:00 AM - 11:00 PM Sunday 11:00 AM - 10:00 PM"
"https://yourpie.com","Columbus | The Landings","5592-L Whitesville Rd.","Columbus","GA","31904","US","431","706-507-1743","Your Pie","32.522749","-84.957778","Monday 11:00 AM - 9:00 PM Tuesday 11:00 AM - 9:00 PM Wednesday 11:00 AM - 9:00 PM Thursday 11:00 AM - 9:00 PM Friday 11:00 AM - 10:00 PM Saturday 11:00 AM - 10:00 PM Sunday 11:00 AM - 9:00 PM"
"https://yourpie.com","Columbus | Uptown","1019 Broadway","Columbus","GA","31901","US","429","706-221-6899","Your Pie","32.465600","-84.993773","Monday 11:00 AM - 9:00 PM Tuesday 11:00 AM - 9:00 PM Wednesday 11:00 AM - 9:00 PM Thursday 11:00 AM - 9:00 PM Friday 11:00 AM - 10:00 PM Saturday 11:00 AM - 10:00 PM Sunday 11:00 AM - 9:00 PM"
"https://yourpie.com","LaGrange","124 Bull Street","LaGrange","Georgia","30240","US","2639","706-971-6600","Your Pie","33.038173","-85.032375","Monday 11:00 AM - 10:00 PM Tuesday 11:00 AM - 10:00 PM Wednesday 11:00 AM - 10:00 PM Thursday 11:00 AM - 10:00 PM Friday 11:00 AM - 11:00 PM Saturday 11:00 AM - 11:00 PM Sunday 11:00 AM - 10:00 PM"
"https://yourpie.com","Chattanooga","1919 Gunbarrel Road, Suite #103","Chattanooga","Tennessee","37421","US","3263","(423) 498-4948","Your Pie","35.028357","-85.157328","Monday 11:00 AM - 9:00 PM Tuesday 11:00 AM - 9:00 PM Wednesday 11:00 AM - 9:00 PM Thursday 11:00 AM - 9:00 PM Friday 11:00 AM - 9:00 PM Saturday 11:00 AM - 9:00 PM Sunday 11:00 AM - 9:00 PM"
"https://yourpie.com","Fort Oglethorpe &#8211; Now Open!","3809 Battlefield Pkwy","Ringgold","GA","30736","US","5719","706-450-4040","Your Pie","34.936803","-85.203716","Monday 11:00 AM - 10:00 PM Tuesday 11:00 AM - 10:00 PM Wednesday 11:00 AM - 10:00 PM Thursday 11:00 AM - 10:00 PM Friday 11:00 AM - 11:00 PM Saturday 11:00 AM - 11:00 PM Sunday 11:00 AM - 10:00 PM"
"https://yourpie.com","Mt. Juliet","1984 Providence Parkway Suite 104","Mt. Juliet","Tennessee","37122","US","3240","615-288-3069","Your Pie","36.164342","-86.516204","Monday 11:00 AM - 9:00 PM Tuesday 11:00 AM - 9:00 PM Wednesday 11:00 AM - 9:00 PM Thursday 11:00 AM - 9:00 PM Friday 11:00 AM - 10:00 PM Saturday 11:00 AM - 10:00 PM Sunday 11:00 AM - 9:00 PM"
"https://yourpie.com","Vestavia Hills | Liberty Park","3753 Corporate Woods Drive #113","Vestavia Hills","Alabama","35242","US","1244","205-783-5152","Your Pie","33.479673","-86.702227","Monday 11:00 AM - 9:00 PM Tuesday 11:00 AM - 9:00 PM Wednesday 11:00 AM - 9:00 PM Thursday 11:00 AM - 9:00 PM Friday 11:00 AM - 9:00 PM Saturday 11:00 AM - 9:00 PM Sunday 11:00 AM - 9:00 PM"
"https://yourpie.com","Uptown Birmingham","2311 Richard Arrington, Jr. Boulevard North #300","Birmingham","Alabama","35203","US","862","205-202-5598","Your Pie","33.526303","-86.807488","Monday 11:00 AM - 9:00 PM Tuesday 11:00 AM - 9:00 PM Wednesday 11:00 AM - 9:00 PM Thursday 11:00 AM - 9:00 PM Friday 11:00 AM - 10:00 PM Saturday 11:00 AM - 10:00 PM Sunday 11:00 AM - 9:00 PM"
"https://yourpie.com","Nashville | Capitol View","421 11th Avenue North","Nashville","Tennessee","37203","US","2028","615-679-0308","Your Pie","36.162714","-86.790841","Monday 11:00 AM - 9:00 PM Tuesday 11:00 AM - 9:00 PM Wednesday 11:00 AM - 9:00 PM Thursday 11:00 AM - 9:00 PM Friday 11:00 AM - 10:00 PM Saturday 11:00 AM - 10:00 PM Sunday Closed"
"https://yourpie.com","Chicago &#8211; Glenview","2085 Tower Drive","Glenview","IL","60026","US","281","847-904-2174","Your Pie","42.091629"," -87.825066","Monday 11:00 AM - 9:00 PM Tuesday 11:00 AM - 9:00 PM Wednesday 11:00 AM - 9:00 PM Thursday 11:00 AM - 9:00 PM Friday 11:00 AM - 10:00 PM Saturday 11:00 AM - 10:00 PM Sunday 11:00 AM - 9:00 PM"
"https://yourpie.com","Gluckstadt","340 Calhoun Station Parkway, Suite A","Canton","Mississippi","39046","US","1283","601-407-6400","Your Pie","32.531539","-90.098472","Monday 11:00 AM - 9:00 PM Tuesday 11:00 AM - 9:00 PM Wednesday 11:00 AM - 9:00 PM Thursday 11:00 AM - 9:00 PM Friday 11:00 AM - 10:00 PM Saturday 11:00 AM - 10:00 PM Sunday 11:00 AM - 9:00 PM"
"https://yourpie.com","Davenport","4520 E 53rd Street #400","Davenport","Iowa","52807","US","1254","5633327811","Your Pie","41.576335","-90.504898","Monday 11:00 AM - 9:00 PM Tuesday 11:00 AM - 9:00 PM Wednesday 11:00 AM - 9:00 PM Thursday 11:00 AM - 9:00 PM Friday 11:00 AM - 10:00 PM Saturday 11:00 AM - 10:00 PM Sunday 11:00 AM - 9:00 PM"
"https://yourpie.com","Dubuque","800 Wacker Drive Suite 100","Dubuque","Iowa","52002","US","2831","563-239-1167","Your Pie","42.493108"," -90.720049","Monday 11:00 AM - 9:00 PM Tuesday 11:00 AM - 9:00 PM Wednesday 11:00 AM - 9:00 PM Thursday 11:00 AM - 9:00 PM Friday 11:00 AM - 10:00 PM Saturday 11:00 AM - 10:00 PM Sunday 11:00 AM - 9:00 PM"
"https://yourpie.com","Houma","1378 W. Tunnel Blvd.","Houma","Louisiana","70360","US","2065","985-293-7182","Your Pie","29.600761"," -90.745479","Monday 11:00 AM - 9:00 PM Tuesday 11:00 AM - 9:00 PM Wednesday 11:00 AM - 9:00 PM Thursday 11:00 AM - 9:00 PM Friday 11:00 AM - 10:00 PM Saturday 11:00 AM - 10:00 PM Sunday 11:00 AM - 8:00 PM"
"https://yourpie.com","Waterloo","126 E. Ridgeway Ave. Suite C","Waterloo","Iowa","50701","US","1322","319-252-4471","Your Pie","42.469190","-92.356628","Monday 11:00 AM - 9:00 PM Tuesday 11:00 AM - 9:00 PM Wednesday 11:00 AM - 9:00 PM Thursday 11:00 AM - 9:00 PM Friday 11:00 AM - 10:00 PM Saturday 11:00 AM - 10:00 PM Sunday 11:00 AM - 9:00 PM"
"https://yourpie.com","Columbia","1413 Grindstone Plaza Drive #115","Columbia","Missouri","65201","US","1108","573-875-8750","Your Pie","38.911849","-92.319151","Monday 11:00 AM - 9:00 PM Tuesday 11:00 AM - 9:00 PM Wednesday 11:00 AM - 9:00 PM Thursday 11:00 AM - 9:00 PM Friday 11:00 AM - 9:00 PM Saturday 11:00 AM - 9:00 PM Sunday 11:00 AM - 9:00 PM"
"https://yourpie.com","Conway AR  &#8211; Opening Soon!","2405 Dave Ward Drive","Conway","Arkansas","72034","US","4455","<MISSING>","Your Pie","35.070222","-92.460629","Monday 11:00 AM - 9:00 PM Tuesday 11:00 AM - 9:00 PM Wednesday 11:00 AM - 9:00 PM Thursday 11:00 AM - 9:00 PM Friday 11:00 AM - 10:00 PM Saturday 11:00 AM - 10:00 PM Sunday 11:00 AM - 9:00 PM"
"https://yourpie.com","Houston","1625 Main St.","Houston","TX","77002","US","396","832-767-2544","Your Pie","29.752045","-95.368488","Monday 11:00 AM - 9:00 PM Tuesday 11:00 AM - 9:00 PM Wednesday 11:00 AM - 9:00 PM Thursday 11:00 AM - 9:00 PM Friday 11:00 AM - 11:00 PM Saturday 12:00 PM - 11:00 PM Sunday 12:00 PM - 9:00 PM"
"https://yourpie.com","Houston | Cypress Crossing &#8211; Now Open!","13126 FM 1960 W, Suite 150","Houston","Texas","77065","US","5689","281-653-2288","Your Pie","29.916179","-95.617276","Monday 11:00 AM - 9:00 PM Tuesday 11:00 AM - 9:00 PM Wednesday 11:00 AM - 9:00 PM Thursday 11:00 AM - 9:00 PM Friday 11:00 AM - 9:00 PM Saturday 11:00 AM - 9:00 PM Sunday 11:00 AM - 8:00 PM"
"https://yourpie.com","Denver | Thornton","14342 Lincoln Street","Thornton","Colorado","80023","US","1202","(303) 452-9687","Your Pie","39.956697","-104.984232","Monday 11:00 AM - 9:00 PM Tuesday 11:00 AM - 9:00 PM Wednesday 11:00 AM - 9:00 PM Thursday 11:00 AM - 9:00 PM Friday 11:00 AM - 10:00 PM Saturday 11:00 AM - 10:00 PM Sunday 11:00 AM - 9:00 PM"
"https://yourpie.com","Billings","824 Shiloh Crossing Suite #1","Billings","Montana","59102","US","2133","(406) 534-8738","Your Pie","45.755009","-108.615889","Monday 11:00 AM - 9:00 PM Tuesday 11:00 AM - 9:00 PM Wednesday 11:00 AM - 9:00 PM Thursday 11:00 AM - 9:00 PM Friday 11:00 AM - 9:00 PM Saturday 11:00 AM - 9:00 PM Sunday 11:00 AM - 9:00 PM"
"https://yourpie.com","Flagstaff","2619 S. Woodland Village Blvd, #110","Flagstaff","Arizona","86001","US","1204","928-440-5500","Your Pie","35.176546","-111.668297","Monday 11:00 AM - 10:00 PM Tuesday 11:00 AM - 10:00 PM Wednesday 11:00 AM - 10:00 PM Thursday 11:00 AM - 10:00 PM Friday 11:00 AM - 11:00 PM Saturday 11:00 AM - 11:00 PM Sunday 11:00 AM - 10:00 PM"
"https://yourpie.com","Indio","42250 Jackson Street, Suite B105","Indio","CA","92203","US","350","760-347-1111","Your Pie","33.741342","-116.215826","Monday 11:00 AM - 9:00 PM Tuesday 11:00 AM - 9:00 PM Wednesday 11:00 AM - 9:00 PM Thursday 11:00 AM - 9:00 PM Friday 11:00 AM - 10:00 PM Saturday 11:00 AM - 10:00 PM Sunday 11:00 AM - 9:00 PM"
